Frame,Frame Duration in Nanoseconds,,,,16045187.87,771064.592
0,18194700,,,,,
1,16000700,,,,,
2,15562500,,,,,
3,17035700,,,,,
4,15631300,,,,,
5,18259800,,,,,
6,15251200,,,,,
7,17245400,,,,,
8,14846700,,,,,
9,16834700,,,,,
10,16145600,,,,,
11,16697800,,,,,
12,18019900,,,,,
13,17104000,,,,,
14,14835900,,,,,
15,14693600,,,,,
16,14927200,,,,,
17,15649200,,,,,
18,16549700,,,,,
19,17470800,,,,,
20,17544000,,,,,
21,16514000,,,,,
22,15166200,,,,,
23,15433900,,,,,
24,15536900,,,,,
25,17052400,,,,,
26,17710600,,,,,
27,18005500,,,,,
28,17506700,,,,,
29,18210800,,,,,
30,14604600,,,,,
31,15633900,,,,,
32,17247900,,,,,
33,17514900,,,,,
34,16777200,,,,,
35,17284700,,,,,
36,15980100,,,,,
37,19714900,,,,,
38,18226200,,,,,
39,18004800,,,,,
40,15395900,,,,,
41,15833900,,,,,
42,14980400,,,,,
43,16514200,,,,,
44,14856800,,,,,
45,15486200,,,,,
46,15315600,,,,,
47,17188800,,,,,
48,16173900,,,,,
49,15931400,,,,,
50,16450700,,,,,
51,17456500,,,,,
52,17572800,,,,,
53,17272100,,,,,
54,17085300,,,,,
55,16376800,,,,,
56,15420800,,,,,
57,15539000,,,,,
58,17531500,,,,,
59,16887100,,,,,
60,16169000,,,,,
61,16250900,,,,,
62,16974100,,,,,
63,16693200,,,,,
64,15951500,,,,,
65,16851400,,,,,
66,16400400,,,,,
67,17564500,,,,,
68,16171900,,,,,
69,14712500,,,,,
70,14571700,,,,,
71,15750500,,,,,
72,14959200,,,,,
73,15112300,,,,,
74,14635600,,,,,
75,15010200,,,,,
76,14511700,,,,,
77,15144900,,,,,
78,14666600,,,,,
79,15527100,,,,,
80,15244400,,,,,
81,15802200,,,,,
82,15132300,,,,,
83,15698500,,,,,
84,15317100,,,,,
85,17054000,,,,,
86,16484000,,,,,
87,16935000,,,,,
88,16213700,,,,,
89,16978700,,,,,
90,16213500,,,,,
91,16691000,,,,,
92,17910500,,,,,
93,18139000,,,,,
94,16920400,,,,,
95,16763800,,,,,
96,16423700,,,,,
97,15272400,,,,,
98,16118600,,,,,
99,15664300,,,,,
100,15087900,,,,,
101,15857200,,,,,
102,15500400,,,,,
103,16330900,,,,,
104,16091000,,,,,
105,16351400,,,,,
106,16073500,,,,,
107,16267700,,,,,
108,16512000,,,,,
109,15355700,,,,,
110,14910400,,,,,
111,17054400,,,,,
112,14994100,,,,,
113,16047100,,,,,
114,15506500,,,,,
115,16017300,,,,,
116,14928000,,,,,
117,15612500,,,,,
118,15798300,,,,,
119,16301200,,,,,
120,14892800,,,,,
121,15054900,,,,,
122,14453200,,,,,
123,15116600,,,,,
124,14312000,,,,,
125,14572800,,,,,
126,14661100,,,,,
127,15066000,,,,,
128,14596600,,,,,
129,15059500,,,,,
130,14607200,,,,,
131,16653600,,,,,
132,14712400,,,,,
133,15261600,,,,,
134,14510200,,,,,
135,16157100,,,,,
136,15597400,,,,,
137,17545600,,,,,
138,16745700,,,,,
139,15809900,,,,,
140,15399200,,,,,
141,15735400,,,,,
142,15793100,,,,,
143,17142200,,,,,
144,16482200,,,,,
145,16588300,,,,,
146,17435300,,,,,
147,17488000,,,,,
148,16348100,,,,,
149,16882600,,,,,
150,16655700,,,,,
151,17751500,,,,,
152,15927300,,,,,
153,15984000,,,,,
154,15085300,,,,,
155,15448100,,,,,
156,15064900,,,,,
157,15787400,,,,,
158,15024800,,,,,
159,16232500,,,,,
160,16529700,,,,,
161,16284500,,,,,
162,20378200,,,,,
163,16827900,,,,,
164,16678500,,,,,
165,16018800,,,,,
166,15091500,,,,,
167,15566900,,,,,
168,15288400,,,,,
169,15614100,,,,,
170,14990100,,,,,
171,15675800,,,,,
172,14307200,,,,,
173,15352000,,,,,
174,15337700,,,,,
175,15384500,,,,,
176,14997700,,,,,
177,16152100,,,,,
178,15526100,,,,,
179,15663700,,,,,
180,15305000,,,,,
181,16137400,,,,,
182,16131100,,,,,
183,16668600,,,,,
184,15175800,,,,,
185,17075900,,,,,
186,15470900,,,,,
187,15446800,,,,,
188,14601900,,,,,
189,15633000,,,,,
190,17680100,,,,,
191,16324100,,,,,
192,14932300,,,,,
193,15627500,,,,,
194,15678500,,,,,
195,15862700,,,,,
196,15534700,,,,,
197,16762400,,,,,
198,17931100,,,,,
199,17558200,,,,,
200,16800800,,,,,
201,17715800,,,,,
202,15810200,,,,,
203,16536500,,,,,
204,15491900,,,,,
205,15919400,,,,,
206,15343000,,,,,
207,16104000,,,,,
208,16235200,,,,,
209,15509800,,,,,
210,16763800,,,,,
211,15614900,,,,,
212,15377900,,,,,
213,16015100,,,,,
214,15828600,,,,,
215,17635000,,,,,
216,15875700,,,,,
217,15522200,,,,,
218,15247900,,,,,
219,15533000,,,,,
220,15083900,,,,,
221,15933000,,,,,
222,16516200,,,,,
223,18016800,,,,,
224,14293900,,,,,
225,15456000,,,,,
226,14811500,,,,,
227,15406200,,,,,
228,15685500,,,,,
229,15235700,,,,,
230,15367700,,,,,
231,17216800,,,,,
232,16985500,,,,,
233,17374500,,,,,
234,16089800,,,,,
235,15001600,,,,,
236,15168000,,,,,
237,15613100,,,,,
238,14836700,,,,,
239,14709200,,,,,
240,14317600,,,,,
241,16465400,,,,,
242,15296900,,,,,
243,15590500,,,,,
244,15021700,,,,,
245,16217700,,,,,
246,15184900,,,,,
247,16388700,,,,,
248,15922100,,,,,
249,15964800,,,,,
250,15546500,,,,,
251,16357800,,,,,
252,16968300,,,,,
253,16504900,,,,,
254,16238500,,,,,
255,17274600,,,,,
256,15156100,,,,,
257,15545400,,,,,
258,14868600,,,,,
259,15012800,,,,,
260,15303400,,,,,
261,16532700,,,,,
262,17214000,,,,,
263,16783600,,,,,
264,16225100,,,,,
265,17415300,,,,,
266,16494400,,,,,
267,18131100,,,,,
268,17129200,,,,,
269,15566400,,,,,
270,14632000,,,,,
271,15905000,,,,,
272,16084700,,,,,
273,16721900,,,,,
274,16152500,,,,,
275,17039100,,,,,
276,17884200,,,,,
277,16847400,,,,,
278,15962600,,,,,
279,16907600,,,,,
280,17164000,,,,,
281,15696800,,,,,
282,15302100,,,,,
283,15988500,,,,,
284,16218100,,,,,
285,17476000,,,,,
286,16231300,,,,,
287,16698900,,,,,
288,16335500,,,,,
289,17968100,,,,,
290,16620400,,,,,
291,16181900,,,,,
292,16181500,,,,,
293,17283600,,,,,
294,16529400,,,,,
295,16052000,,,,,
296,15345600,,,,,
297,16006700,,,,,
298,16390300,,,,,
299,16712700,,,,,
300,16660200,,,,,
301,17064300,,,,,
302,15374400,,,,,
303,15680300,,,,,
304,15328200,,,,,
305,15987800,,,,,
306,17711000,,,,,
307,16298100,,,,,
308,15245400,,,,,
309,15794000,,,,,
310,15244000,,,,,
311,16304300,,,,,
312,16307200,,,,,
313,16237100,,,,,
314,16881100,,,,,
315,16535900,,,,,
316,15886300,,,,,
317,15641200,,,,,
318,15181700,,,,,
319,15347500,,,,,
320,15681700,,,,,
321,14862300,,,,,
322,15249100,,,,,
323,15893900,,,,,
324,15542700,,,,,
325,17088200,,,,,
326,17417800,,,,,
327,17284000,,,,,
328,16452600,,,,,
329,17769300,,,,,
330,16554800,,,,,
331,16561500,,,,,
332,17711500,,,,,
333,16797800,,,,,
334,14600200,,,,,
335,15734200,,,,,
336,15206000,,,,,
337,16392200,,,,,
338,16513800,,,,,
339,16556500,,,,,
340,17254900,,,,,
341,17249200,,,,,
342,15496300,,,,,
343,16002500,,,,,
344,15292000,,,,,
345,15309900,,,,,
346,15942300,,,,,
347,15721600,,,,,
348,15116300,,,,,
349,15964300,,,,,
350,15990600,,,,,
351,16613500,,,,,
352,16433200,,,,,
353,18241400,,,,,
354,17114500,,,,,
355,16669000,,,,,
356,15777400,,,,,
357,17220400,,,,,
358,17549000,,,,,
359,16037000,,,,,
360,15233300,,,,,
361,15718600,,,,,
362,15416200,,,,,
363,16009700,,,,,
364,15680700,,,,,
365,15726900,,,,,
366,15280300,,,,,
367,18046800,,,,,
368,16143700,,,,,
369,16824500,,,,,
370,15342300,,,,,
371,18540400,,,,,
372,16368000,,,,,
373,15473400,,,,,
374,14875700,,,,,
375,16023600,,,,,
376,16197700,,,,,
377,16670000,,,,,
378,16398000,,,,,
379,17349200,,,,,
380,16349500,,,,,
381,15757600,,,,,
382,15329400,,,,,
383,15709400,,,,,
384,15407400,,,,,
385,16622700,,,,,
386,15501900,,,,,
387,15844100,,,,,
388,15510000,,,,,
389,16629000,,,,,
390,16435600,,,,,
391,16899500,,,,,
392,17836800,,,,,
393,17213500,,,,,
394,16381200,,,,,
395,16422000,,,,,
396,16364600,,,,,
397,16535400,,,,,
398,17456600,,,,,
399,17609900,,,,,
400,15688700,,,,,
401,16285700,,,,,
402,15482800,,,,,
403,16124000,,,,,
404,16265200,,,,,
405,16567900,,,,,
406,17580100,,,,,
407,17274700,,,,,
408,15567500,,,,,
409,15250400,,,,,
410,14745300,,,,,
411,15998300,,,,,
412,15274500,,,,,
413,15028900,,,,,
414,15438200,,,,,
415,16525500,,,,,
416,15951900,,,,,
417,15637900,,,,,
418,15315200,,,,,
419,16912300,,,,,
420,16553600,,,,,
421,16976000,,,,,
422,16417800,,,,,
423,16841800,,,,,
424,17367300,,,,,
425,16732900,,,,,
426,15086900,,,,,
427,15577100,,,,,
428,15129400,,,,,
429,15690500,,,,,
430,15559300,,,,,
431,16495500,,,,,
432,16312600,,,,,
433,17171200,,,,,
434,16645500,,,,,
435,16793400,,,,,
436,16753300,,,,,
437,17274300,,,,,
438,16423800,,,,,
439,16700100,,,,,
440,16133100,,,,,
441,15863300,,,,,
442,14953700,,,,,
443,15616500,,,,,
444,15072500,,,,,
445,15712200,,,,,
446,15354600,,,,,
447,15008800,,,,,
448,15271900,,,,,
449,15754900,,,,,
450,15993900,,,,,
451,16411000,,,,,
452,15456400,,,,,
453,16251500,,,,,
454,15766200,,,,,
455,16697300,,,,,
456,16412300,,,,,
457,17492600,,,,,
458,16668200,,,,,
459,16963000,,,,,
460,16598500,,,,,
461,17006000,,,,,
462,16568700,,,,,
463,17373400,,,,,
464,15212700,,,,,
465,15342100,,,,,
466,14914800,,,,,
467,15350600,,,,,
468,15147700,,,,,
469,15826100,,,,,
470,15727800,,,,,
471,17761700,,,,,
472,16007500,,,,,
473,16608700,,,,,
474,15875900,,,,,
475,16040000,,,,,
476,15424700,,,,,
477,17812800,,,,,
478,15903600,,,,,
479,15064600,,,,,
480,14756200,,,,,
481,16252800,,,,,
482,15878900,,,,,
483,15157000,,,,,
484,15240300,,,,,
485,16623200,,,,,
486,15666100,,,,,
487,15981600,,,,,
488,16374400,,,,,
489,17004500,,,,,
490,16657100,,,,,
491,17511900,,,,,
492,15219800,,,,,
493,15821300,,,,,
494,15298000,,,,,
495,15941100,,,,,
496,16259000,,,,,
497,16582600,,,,,
498,16111200,,,,,
499,18310800,,,,,
500,16011700,,,,,
501,16664100,,,,,
502,15438500,,,,,
503,16706800,,,,,
504,15208600,,,,,
505,15679000,,,,,
506,14597400,,,,,
507,15194100,,,,,
508,16408200,,,,,
509,16924900,,,,,
510,16217000,,,,,
511,17055500,,,,,
512,16493200,,,,,
513,16694700,,,,,
514,16560600,,,,,
515,17778600,,,,,
516,16813000,,,,,
517,15964500,,,,,
518,15006000,,,,,
519,15681100,,,,,
520,15704700,,,,,
521,16668400,,,,,
522,16542500,,,,,
523,17020000,,,,,
524,17537700,,,,,
525,17422500,,,,,
526,16548800,,,,,
527,17154300,,,,,
528,16150500,,,,,
529,18102800,,,,,
530,15256400,,,,,
531,15749800,,,,,
532,15291000,,,,,
533,16105200,,,,,
534,16435100,,,,,
535,16885800,,,,,
536,16497300,,,,,
537,16833200,,,,,
538,17784100,,,,,
539,17502300,,,,,
540,16115100,,,,,
541,17498500,,,,,
542,17002800,,,,,
543,16630200,,,,,
544,14795800,,,,,
545,15846900,,,,,
546,15929200,,,,,
547,16915800,,,,,
548,16615700,,,,,
549,16717300,,,,,
550,17138900,,,,,
551,18186700,,,,,
552,16917000,,,,,
553,16605900,,,,,
554,16401000,,,,,
555,17978600,,,,,
556,15657900,,,,,
557,15846700,,,,,
558,15080300,,,,,
559,16053900,,,,,
560,16167300,,,,,
561,16751600,,,,,
562,16422500,,,,,
563,17447000,,,,,
564,16727100,,,,,
565,15881500,,,,,
566,14992000,,,,,
567,15504100,,,,,
568,15203400,,,,,
569,15926100,,,,,
570,14485500,,,,,
571,15612300,,,,,
572,14763500,,,,,
573,15281000,,,,,
574,14679000,,,,,
575,15246600,,,,,
576,15615400,,,,,
577,17939500,,,,,
578,16666400,,,,,
579,16628200,,,,,
580,15377100,,,,,
581,15114800,,,,,
582,15293100,,,,,
583,15445400,,,,,
584,14443800,,,,,
585,14586100,,,,,
586,14546100,,,,,
587,15809000,,,,,
588,14902800,,,,,
589,15495600,,,,,
590,14930800,,,,,
591,15626200,,,,,
592,15275600,,,,,
593,15651900,,,,,
594,15637700,,,,,
595,17581600,,,,,
596,15630900,,,,,
597,15369900,,,,,
598,15070300,,,,,
599,15505300,,,,,
600,14878300,,,,,
601,15715300,,,,,
602,14885000,,,,,
603,15245600,,,,,
604,15703300,,,,,
605,16271600,,,,,
606,15006900,,,,,
607,15924200,,,,,
608,16460200,,,,,
609,17959100,,,,,
610,15630200,,,,,
611,15665500,,,,,
612,15347700,,,,,
613,15935800,,,,,
614,16174200,,,,,
615,16913500,,,,,
616,16368000,,,,,
617,17532400,,,,,
618,16533900,,,,,
619,15896100,,,,,
620,15172100,,,,,
621,16044200,,,,,
622,15865100,,,,,
623,15447100,,,,,
624,14988700,,,,,
625,16005100,,,,,
626,15769400,,,,,
627,15662400,,,,,
628,15013700,,,,,
629,15584500,,,,,
630,15968700,,,,,
631,16366000,,,,,
632,16478100,,,,,
633,17119400,,,,,
634,17322500,,,,,
635,16851000,,,,,
636,15612800,,,,,
637,16220300,,,,,
638,15852000,,,,,
639,16803700,,,,,
640,16489100,,,,,
641,17051300,,,,,
642,16340700,,,,,
643,18724500,,,,,
644,16477400,,,,,
645,16438600,,,,,
646,16250400,,,,,
647,16397100,,,,,
648,14249600,,,,,
649,15536000,,,,,
650,15484100,,,,,
651,16213100,,,,,
652,16382600,,,,,
653,17284300,,,,,
654,17421000,,,,,
655,17494800,,,,,
656,16619200,,,,,
657,16839800,,,,,
658,16475000,,,,,
659,16317400,,,,,
660,17833800,,,,,
661,17114500,,,,,
662,15485000,,,,,
663,15742700,,,,,
664,15456300,,,,,
665,16844000,,,,,
666,16540400,,,,,
667,17111200,,,,,
668,17247900,,,,,
669,17986500,,,,,
670,17045300,,,,,
671,16860600,,,,,
672,16132600,,,,,
673,17307100,,,,,
674,15820100,,,,,
675,15562600,,,,,
676,14872100,,,,,
677,15431600,,,,,
678,15267400,,,,,
679,15958500,,,,,
680,16143400,,,,,
681,17253800,,,,,
682,16859900,,,,,
683,17407400,,,,,
684,16645600,,,,,
685,17132700,,,,,
686,16558400,,,,,
687,16541400,,,,,
688,14807400,,,,,
689,15684000,,,,,
690,15306500,,,,,
691,15675600,,,,,
692,14962500,,,,,
693,15847500,,,,,
694,15804200,,,,,
695,15830300,,,,,
696,15506900,,,,,
697,16644800,,,,,
698,15862900,,,,,
699,17280500,,,,,
700,14881500,,,,,
701,16090500,,,,,
702,14820600,,,,,
703,16058500,,,,,
704,15754100,,,,,
705,17138100,,,,,
706,16421200,,,,,
707,16910300,,,,,
708,17654600,,,,,
709,17126200,,,,,
710,16377700,,,,,
711,16611800,,,,,
712,17106500,,,,,
713,16475100,,,,,
714,15314500,,,,,
715,15575500,,,,,
716,15242700,,,,,
717,15882400,,,,,
718,15707300,,,,,
719,16912900,,,,,
720,15842400,,,,,
721,16689300,,,,,
722,15438500,,,,,
723,15800000,,,,,
724,14985900,,,,,
725,15666300,,,,,
726,15309700,,,,,
727,15622700,,,,,
728,15315700,,,,,
729,16369500,,,,,
730,16488200,,,,,
731,17054000,,,,,
732,16215800,,,,,
733,16839100,,,,,
734,18147900,,,,,
735,16928200,,,,,
736,15235000,,,,,
737,16432200,,,,,
738,16426800,,,,,
739,16936400,,,,,
740,15343600,,,,,
741,15674600,,,,,
742,15137500,,,,,
743,15434800,,,,,
744,15572400,,,,,
745,16588600,,,,,
746,17478400,,,,,
747,17245800,,,,,
748,17622800,,,,,
749,17142900,,,,,
750,16154400,,,,,
751,16866800,,,,,
752,15308800,,,,,
753,15755500,,,,,
754,15171900,,,,,
755,15602600,,,,,
756,15072700,,,,,
757,15699500,,,,,
758,15374000,,,,,
759,15879200,,,,,
760,15304300,,,,,
761,16835300,,,,,
762,15390000,,,,,
763,16288000,,,,,
764,16111800,,,,,
765,17466600,,,,,
766,15136800,,,,,
767,15554600,,,,,
768,15122100,,,,,
769,15619400,,,,,
770,15728900,,,,,
771,16927700,,,,,
772,17385100,,,,,
773,16480200,,,,,
774,15286800,,,,,
775,15595200,,,,,
776,15249000,,,,,
777,15448900,,,,,
778,15363200,,,,,
779,15472500,,,,,
780,15355800,,,,,
781,15660200,,,,,
782,15249700,,,,,
783,16160900,,,,,
784,15986400,,,,,
785,17778900,,,,,
786,16765900,,,,,
787,16462600,,,,,
788,16117000,,,,,
789,16580100,,,,,
790,17711500,,,,,
791,17145300,,,,,
792,14549700,,,,,
793,15876200,,,,,
794,15421300,,,,,
795,16577700,,,,,
796,16385100,,,,,
797,16905400,,,,,
798,16543100,,,,,
799,17469500,,,,,
800,16132700,,,,,
801,17026700,,,,,
802,16416100,,,,,
803,17431500,,,,,
804,17042800,,,,,
805,15349500,,,,,
806,15188900,,,,,
807,15869500,,,,,
808,15417000,,,,,
809,16327200,,,,,
810,16205400,,,,,
811,18390800,,,,,
812,16712600,,,,,
813,16949400,,,,,
814,15853000,,,,,
815,16257300,,,,,
816,15991700,,,,,
817,17328900,,,,,
818,16536900,,,,,
819,16878400,,,,,
820,16710800,,,,,
821,16949100,,,,,
822,16279800,,,,,
823,17166800,,,,,
824,17439300,,,,,
825,17403800,,,,,
826,16646300,,,,,
827,16993000,,,,,
828,16561500,,,,,
829,17991200,,,,,
830,16313200,,,,,
831,15586200,,,,,
832,15366500,,,,,
833,16023200,,,,,
834,16088100,,,,,
835,16567400,,,,,
836,16238000,,,,,
837,18003300,,,,,
838,16975600,,,,,
839,16746900,,,,,
840,16396000,,,,,
841,16732800,,,,,
842,16277200,,,,,
843,17399500,,,,,
844,16942300,,,,,
845,16789400,,,,,
846,16533600,,,,,
847,16870800,,,,,
848,16293600,,,,,
849,16939700,,,,,
850,17462400,,,,,
851,17641300,,,,,
852,16029700,,,,,
853,16140700,,,,,
854,15867500,,,,,
855,17848400,,,,,
856,16747600,,,,,
857,15743200,,,,,
858,15109200,,,,,
859,16299500,,,,,
860,16576800,,,,,
861,17063200,,,,,
862,16222900,,,,,
863,16657500,,,,,
864,17452700,,,,,
865,17837000,,,,,
866,16306900,,,,,
867,17436200,,,,,
868,16245600,,,,,
869,15262300,,,,,
870,15292500,,,,,
871,15871400,,,,,
872,15508700,,,,,
873,17344200,,,,,
874,16862300,,,,,
875,17870800,,,,,
876,17526600,,,,,
877,17411200,,,,,
878,15645200,,,,,
879,17134500,,,,,
880,16535300,,,,,
881,16123400,,,,,
882,15075700,,,,,
883,15123700,,,,,
884,15011000,,,,,
885,15570000,,,,,
886,15020300,,,,,
887,15658100,,,,,
888,15313000,,,,,
889,16923900,,,,,
890,15982200,,,,,
891,16487500,,,,,
892,16200700,,,,,
893,16302700,,,,,
894,16286900,,,,,
895,15816600,,,,,
896,14989700,,,,,
897,14853800,,,,,
898,14901300,,,,,
899,16452600,,,,,
900,16624000,,,,,
901,17026200,,,,,
902,17349900,,,,,
903,17239800,,,,,
904,15499100,,,,,
905,17133900,,,,,
906,16084600,,,,,
907,17126900,,,,,
908,15836100,,,,,
909,15625100,,,,,
910,15313900,,,,,
911,15918900,,,,,
912,15373500,,,,,
913,16524500,,,,,
914,16716100,,,,,
915,18846300,,,,,
916,17018000,,,,,
917,16590500,,,,,
918,16342800,,,,,
919,17002700,,,,,
920,16452000,,,,,
921,17933100,,,,,
922,15985500,,,,,
923,15879700,,,,,
924,15420200,,,,,
925,15909900,,,,,
926,15361400,,,,,
927,16543200,,,,,
928,16596500,,,,,
929,18025900,,,,,
930,17699800,,,,,
931,17341500,,,,,
932,16583900,,,,,
933,16909300,,,,,
934,16783600,,,,,
935,15946700,,,,,
936,15257200,,,,,
937,15721400,,,,,
938,15241000,,,,,
939,15547300,,,,,
940,15746700,,,,,
941,17166800,,,,,
942,16684400,,,,,
943,16764100,,,,,
944,16170900,,,,,
945,16618800,,,,,
946,16163900,,,,,
947,17948800,,,,,
948,15912300,,,,,
949,15599300,,,,,
950,15291300,,,,,
951,15650000,,,,,
952,15014400,,,,,
953,16768400,,,,,
954,15316500,,,,,
955,15311600,,,,,
956,15231400,,,,,
957,15782200,,,,,
958,15347700,,,,,
959,15999100,,,,,
960,15733700,,,,,
961,18045600,,,,,
962,16504600,,,,,
963,15729300,,,,,
964,15325100,,,,,
965,15923000,,,,,
966,15878900,,,,,
967,17216000,,,,,
968,16414300,,,,,
969,17584900,,,,,
970,15130700,,,,,
971,15482400,,,,,
972,15078000,,,,,
973,15806300,,,,,
974,15752800,,,,,
975,18129900,,,,,
976,15860100,,,,,
977,16201700,,,,,
978,15732600,,,,,
979,15947400,,,,,
980,15240700,,,,,
981,15809800,,,,,
982,15475000,,,,,
983,16510500,,,,,
984,17290000,,,,,
985,17593900,,,,,
986,16584500,,,,,
987,17530500,,,,,
988,16529300,,,,,
989,14963800,,,,,
990,14962100,,,,,
991,15929800,,,,,
992,15745500,,,,,
993,16914200,,,,,
994,16335200,,,,,
995,18243000,,,,,
996,16702400,,,,,
997,16756000,,,,,
998,16369600,,,,,
999,16705900,,,,,
1000,17549300,,,,,
1001,17165500,,,,,
1002,14785300,,,,,
1003,15962200,,,,,
1004,15797000,,,,,
1005,17000300,,,,,
1006,16251400,,,,,
1007,16908800,,,,,
1008,17280200,,,,,
1009,17035800,,,,,
1010,15411000,,,,,
1011,15904600,,,,,
1012,15459700,,,,,
1013,15233100,,,,,
1014,16194700,,,,,
1015,15800800,,,,,
1016,15323800,,,,,
1017,16102900,,,,,
1018,16084400,,,,,
1019,16536000,,,,,
1020,16072100,,,,,
1021,17908000,,,,,
1022,16384000,,,,,
1023,16423400,,,,,
1024,15942900,,,,,
1025,16402400,,,,,
1026,16390300,,,,,
1027,16949900,,,,,
1028,15138400,,,,,
1029,15472200,,,,,
1030,14960900,,,,,
1031,14727700,,,,,
1032,14756700,,,,,
1033,15505100,,,,,
1034,15717400,,,,,
1035,16177100,,,,,
1036,15652500,,,,,
1037,16751900,,,,,
1038,16469400,,,,,
1039,17140400,,,,,
1040,16962300,,,,,
1041,17875400,,,,,
1042,16198300,,,,,
1043,15999700,,,,,
1044,15319000,,,,,
1045,15843900,,,,,
1046,16160200,,,,,
1047,16915300,,,,,
1048,16362200,,,,,
1049,18064100,,,,,
1050,15686800,,,,,
1051,15897800,,,,,
1052,15265900,,,,,
1053,15866600,,,,,
1054,16449300,,,,,
1055,15872300,,,,,
1056,15759700,,,,,
1057,16435300,,,,,
1058,15291700,,,,,
1059,15735500,,,,,
1060,14797300,,,,,
1061,15646100,,,,,
1062,16239900,,,,,
1063,16839700,,,,,
1064,16295800,,,,,
1065,16975000,,,,,
1066,16355100,,,,,
1067,18113200,,,,,
1068,17185000,,,,,
1069,15012600,,,,,
1070,14740100,,,,,
1071,15594400,,,,,
1072,15363100,,,,,
1073,16017400,,,,,
1074,16157300,,,,,
1075,16701800,,,,,
1076,17324400,,,,,
1077,16179200,,,,,
1078,14873400,,,,,
1079,15685600,,,,,
1080,14807300,,,,,
1081,17421200,,,,,
1082,16076200,,,,,
1083,16494900,,,,,
1084,16003400,,,,,
1085,16724900,,,,,
1086,16306800,,,,,
1087,17756100,,,,,
1088,16438300,,,,,
1089,16524800,,,,,
1090,16388900,,,,,
1091,15497800,,,,,
1092,15122700,,,,,
1093,15811900,,,,,
1094,14944000,,,,,
1095,14950300,,,,,
1096,14821800,,,,,
1097,15919100,,,,,
1098,15741000,,,,,
1099,16768500,,,,,
1100,16337400,,,,,
1101,17879100,,,,,
1102,17411900,,,,,
1103,17543200,,,,,
1104,16292000,,,,,
1105,16993200,,,,,
1106,16125600,,,,,
1107,16042300,,,,,
1108,15450100,,,,,
1109,15642400,,,,,
1110,15114900,,,,,
1111,16030900,,,,,
1112,16251200,,,,,
1113,17523100,,,,,
1114,17219600,,,,,
1115,17425100,,,,,
1116,16650900,,,,,
1117,16953300,,,,,
1118,16268700,,,,,
1119,17444900,,,,,
1120,16522700,,,,,
1121,16156700,,,,,
1122,15461300,,,,,
1123,15896500,,,,,
1124,15504900,,,,,
1125,16596900,,,,,
1126,16276400,,,,,
1127,17326300,,,,,
1128,17169900,,,,,
1129,17360300,,,,,
1130,17002100,,,,,
1131,17138300,,,,,
1132,17569800,,,,,
1133,17104200,,,,,
1134,15225600,,,,,
1135,15676600,,,,,
1136,15443400,,,,,
1137,15932400,,,,,
1138,16361700,,,,,
1139,16706700,,,,,
1140,16710200,,,,,
1141,17405700,,,,,
1142,16846700,,,,,
1143,16875700,,,,,
1144,16441000,,,,,
1145,17445700,,,,,
1146,16771800,,,,,
1147,16763300,,,,,
1148,16321000,,,,,
1149,16860600,,,,,
1150,16651400,,,,,
1151,16798800,,,,,
1152,16394000,,,,,
1153,17568200,,,,,
1154,17199800,,,,,
1155,17357400,,,,,
1156,16461100,,,,,
1157,16820200,,,,,
1158,17166300,,,,,
1159,16281800,,,,,
1160,15409100,,,,,
1161,15844800,,,,,
1162,15466400,,,,,
1163,16195000,,,,,
1164,16298700,,,,,
1165,16870600,,,,,
1166,16366300,,,,,
1167,17577100,,,,,
1168,16560800,,,,,
1169,16686100,,,,,
1170,15226100,,,,,
1171,16338400,,,,,
1172,15175300,,,,,
1173,15725000,,,,,
1174,15494200,,,,,
1175,16724400,,,,,
1176,16127200,,,,,
1177,16549500,,,,,
1178,15788300,,,,,
1179,17461100,,,,,
1180,15941900,,,,,
1181,15546000,,,,,
1182,14425300,,,,,
1183,14964600,,,,,
1184,15776500,,,,,
1185,17381500,,,,,
1186,16367500,,,,,
1187,16847800,,,,,
1188,16316200,,,,,
1189,16956400,,,,,
1190,16310200,,,,,
1191,17567900,,,,,
1192,15885000,,,,,
1193,16058400,,,,,
1194,15480300,,,,,
1195,16500100,,,,,
1196,17049800,,,,,
1197,17400100,,,,,
1198,15517700,,,,,
1199,15486600,,,,,
1200,15356300,,,,,
1201,15710600,,,,,
1202,15296900,,,,,
1203,16750800,,,,,
1204,17011800,,,,,
1205,17346700,,,,,
1206,15599600,,,,,
1207,15717200,,,,,
1208,15152700,,,,,
1209,16067100,,,,,
1210,17948700,,,,,
1211,16655000,,,,,
1212,15094600,,,,,
1213,15879600,,,,,
1214,15415600,,,,,
1215,16137800,,,,,
1216,15498900,,,,,
1217,15842100,,,,,
1218,16041500,,,,,
1219,16817800,,,,,
1220,15410200,,,,,
1221,15888600,,,,,
1222,15149500,,,,,
1223,15876600,,,,,
1224,15715300,,,,,
1225,16188100,,,,,
1226,16312200,,,,,
1227,16932800,,,,,
1228,16635200,,,,,
1229,16831800,,,,,
1230,16509300,,,,,
1231,16498600,,,,,
1232,15417800,,,,,
1233,15626100,,,,,
1234,15530200,,,,,
1235,16980100,,,,,
1236,15721100,,,,,
1237,15450100,,,,,
1238,15149600,,,,,
1239,15640200,,,,,
1240,15128200,,,,,
1241,15890700,,,,,
1242,15542400,,,,,
1243,16631800,,,,,
1244,16978300,,,,,
1245,17842500,,,,,
1246,15427000,,,,,
1247,16302700,,,,,
1248,15980600,,,,,
1249,18092800,,,,,
1250,16708900,,,,,
1251,15155300,,,,,
1252,15311200,,,,,
1253,15760600,,,,,
1254,15721200,,,,,
1255,16338400,,,,,
1256,16575900,,,,,
1257,17249700,,,,,
1258,16666600,,,,,
1259,15372500,,,,,
1260,15098100,,,,,
1261,15799500,,,,,
1262,15828800,,,,,
1263,15631100,,,,,
1264,15067200,,,,,
1265,15483400,,,,,
1266,15117200,,,,,
1267,15331600,,,,,
1268,14479300,,,,,
1269,15434100,,,,,
1270,16141800,,,,,
1271,18570000,,,,,
1272,16553500,,,,,
1273,16410700,,,,,
1274,17282700,,,,,
1275,15631200,,,,,
1276,15310000,,,,,
1277,15789200,,,,,
1278,15269000,,,,,
1279,15673700,,,,,
1280,15604800,,,,,
1281,16299800,,,,,
1282,16795600,,,,,
1283,16132500,,,,,
1284,15938700,,,,,
1285,16916200,,,,,
1286,16489700,,,,,
1287,16654800,,,,,
1288,17535300,,,,,
1289,17076600,,,,,
1290,15295800,,,,,
1291,15725700,,,,,
1292,15269000,,,,,
1293,15514400,,,,,
1294,15286200,,,,,
1295,16519200,,,,,
1296,16541400,,,,,
1297,16682100,,,,,
1298,16072600,,,,,
1299,16866700,,,,,
1300,16211100,,,,,
1301,18036500,,,,,
1302,16649800,,,,,
1303,15532400,,,,,
1304,16410600,,,,,
1305,16405100,,,,,
1306,16355100,,,,,
1307,16219700,,,,,
1308,17121700,,,,,
1309,16067700,,,,,
1310,15901300,,,,,
1311,16372000,,,,,
1312,15702500,,,,,
1313,16060800,,,,,
1314,15455100,,,,,
1315,17632700,,,,,
1316,16591500,,,,,
1317,15627600,,,,,
1318,15396000,,,,,
1319,16505700,,,,,
1320,16402700,,,,,
1321,16769600,,,,,
1322,16569200,,,,,
1323,18572100,,,,,
1324,17047500,,,,,
1325,16626200,,,,,
1326,15732100,,,,,
1327,16895000,,,,,
1328,17317800,,,,,
1329,16758200,,,,,
1330,14972000,,,,,
1331,15546600,,,,,
1332,15543800,,,,,
1333,16680500,,,,,
1334,16239600,,,,,
1335,16763100,,,,,
1336,17642000,,,,,
1337,18032800,,,,,
1338,14893100,,,,,
1339,15210200,,,,,
1340,14934400,,,,,
1341,16594600,,,,,
1342,15361700,,,,,
1343,15572100,,,,,
1344,15092500,,,,,
1345,15712800,,,,,
1346,15447600,,,,,
1347,16401600,,,,,
1348,15951300,,,,,
1349,16678700,,,,,
1350,16232600,,,,,
1351,16513100,,,,,
1352,15829600,,,,,
1353,16310400,,,,,
1354,17373100,,,,,
1355,15994400,,,,,
1356,15119700,,,,,
1357,14721700,,,,,
1358,14361400,,,,,
1359,15750600,,,,,
1360,15606700,,,,,
1361,16971300,,,,,
1362,17623300,,,,,
1363,17463000,,,,,
1364,16657600,,,,,
1365,16960300,,,,,
1366,15466000,,,,,
1367,16074500,,,,,
1368,15350700,,,,,
1369,15669500,,,,,
1370,15259000,,,,,
1371,15783700,,,,,
1372,15319700,,,,,
1373,16545100,,,,,
1374,18189700,,,,,
1375,17220800,,,,,
1376,16433800,,,,,
1377,16751000,,,,,
1378,16349500,,,,,
1379,16658500,,,,,
1380,17114900,,,,,
1381,15672600,,,,,
1382,15214400,,,,,
1383,15763700,,,,,
1384,15550700,,,,,
1385,16403600,,,,,
1386,16057400,,,,,
1387,16714900,,,,,
1388,17306300,,,,,
1389,16822500,,,,,
1390,15777000,,,,,
1391,16231300,,,,,
1392,16358800,,,,,
1393,16743400,,,,,
1394,14623800,,,,,
1395,14969900,,,,,
1396,14715800,,,,,
1397,15688700,,,,,
1398,15416600,,,,,
1399,16353400,,,,,
1400,15108500,,,,,
1401,15723300,,,,,
1402,16478900,,,,,
1403,16556200,,,,,
1404,16186700,,,,,
1405,16636000,,,,,
1406,16204700,,,,,
1407,17085000,,,,,
1408,17055000,,,,,
1409,17008200,,,,,
1410,16474000,,,,,
1411,16923200,,,,,
1412,16384900,,,,,
1413,17036500,,,,,
1414,17596000,,,,,
1415,15776000,,,,,
1416,15200900,,,,,
1417,15500000,,,,,
1418,15327200,,,,,
1419,15931400,,,,,
1420,16872200,,,,,
1421,16646100,,,,,
1422,16794800,,,,,
1423,16675400,,,,,
1424,16051500,,,,,
1425,15881800,,,,,
1426,15306300,,,,,
1427,15403600,,,,,
1428,16104900,,,,,
1429,16966300,,,,,
1430,15518800,,,,,
1431,16032000,,,,,
1432,16255200,,,,,
1433,17177300,,,,,
1434,17409400,,,,,
1435,16582900,,,,,
1436,14955900,,,,,
1437,16689400,,,,,
1438,15874300,,,,,
1439,16475500,,,,,
1440,16450800,,,,,
1441,17009700,,,,,
1442,16255000,,,,,
1443,16782100,,,,,
1444,16122500,,,,,
1445,16743200,,,,,
1446,16556000,,,,,
1447,16094000,,,,,
1448,14854500,,,,,
1449,15780700,,,,,
1450,15248400,,,,,
1451,16158000,,,,,
1452,16478600,,,,,
1453,16859800,,,,,
1454,16932100,,,,,
1455,17666400,,,,,
1456,17366700,,,,,
1457,17304200,,,,,
1458,16624200,,,,,
1459,16720500,,,,,
1460,17429400,,,,,
1461,17031000,,,,,
1462,15315700,,,,,
1463,15748700,,,,,
1464,15548300,,,,,
1465,16203000,,,,,
1466,16536600,,,,,
1467,16948800,,,,,
1468,17217200,,,,,
1469,18014100,,,,,
1470,16879900,,,,,
1471,17019600,,,,,
1472,16272300,,,,,
1473,17769800,,,,,
1474,16388700,,,,,
1475,15507000,,,,,
1476,15193700,,,,,
1477,15590200,,,,,
1478,15278300,,,,,
1479,16667800,,,,,
1480,15149700,,,,,
1481,15396800,,,,,
1482,15415300,,,,,
1483,16015500,,,,,
1484,15669800,,,,,
1485,15800100,,,,,
1486,15746900,,,,,
1487,17391600,,,,,
1488,15251500,,,,,
1489,14718600,,,,,
1490,14880800,,,,,
1491,15674800,,,,,
1492,15389300,,,,,
1493,16463400,,,,,
1494,16522900,,,,,
1495,17102100,,,,,
1496,17351200,,,,,
1497,18037900,,,,,
1498,16175100,,,,,
1499,15515800,,,,,
1500,15772000,,,,,
1501,15983300,,,,,
1502,15260600,,,,,
1503,15637700,,,,,
1504,15218000,,,,,
1505,16302600,,,,,
1506,16083800,,,,,
1507,18135700,,,,,
1508,16483000,,,,,
1509,17005200,,,,,
1510,16263400,,,,,
1511,16922500,,,,,
1512,16132200,,,,,
1513,17774600,,,,,
1514,15318600,,,,,
1515,15657200,,,,,
1516,15007700,,,,,
1517,16035400,,,,,
1518,15625300,,,,,
1519,16607900,,,,,
1520,15961000,,,,,
1521,17901000,,,,,
1522,15963500,,,,,
1523,16363900,,,,,
1524,15396100,,,,,
1525,16083200,,,,,
1526,15415000,,,,,
1527,16969100,,,,,
1528,16549300,,,,,
1529,16386200,,,,,
1530,16091000,,,,,
1531,16611000,,,,,
1532,16233700,,,,,
1533,16755400,,,,,
1534,17509600,,,,,
1535,17616400,,,,,
1536,16686200,,,,,
1537,15822000,,,,,
1538,17085100,,,,,
1539,17523400,,,,,
1540,14607400,,,,,
1541,15029800,,,,,
1542,15250100,,,,,
1543,15640000,,,,,
1544,15150900,,,,,
1545,15881600,,,,,
1546,16093400,,,,,
1547,16785500,,,,,
1548,18088800,,,,,
1549,17253500,,,,,
1550,16296000,,,,,
1551,16819700,,,,,
1552,15487500,,,,,
1553,15965300,,,,,
1554,15148700,,,,,
1555,15767300,,,,,
1556,15541300,,,,,
1557,16513600,,,,,
1558,15865800,,,,,
1559,17417100,,,,,
1560,16674800,,,,,
1561,16784400,,,,,
1562,15952200,,,,,
1563,16509100,,,,,
1564,15996300,,,,,
1565,17777700,,,,,
1566,15584900,,,,,
1567,15499800,,,,,
1568,15227300,,,,,
1569,15463100,,,,,
1570,14712700,,,,,
1571,15937100,,,,,
1572,16102800,,,,,
1573,18471000,,,,,
1574,16597900,,,,,
1575,16546100,,,,,
1576,16250300,,,,,
1577,16642600,,,,,
1578,16176100,,,,,
1579,17952800,,,,,
1580,14993100,,,,,
1581,15431600,,,,,
1582,15247500,,,,,
1583,15860600,,,,,
1584,15937000,,,,,
1585,16991600,,,,,
1586,15755600,,,,,
1587,15570200,,,,,
1588,15757700,,,,,
1589,15774600,,,,,
1590,14662500,,,,,
1591,15611100,,,,,
1592,14865300,,,,,
1593,14992400,,,,,
1594,14200100,,,,,
1595,14506300,,,,,
1596,14701700,,,,,
1597,15065400,,,,,
1598,14702200,,,,,
1599,15616600,,,,,
1600,14781500,,,,,
1601,14983900,,,,,
1602,14680800,,,,,
1603,14763100,,,,,
1604,14082100,,,,,
1605,15794400,,,,,
1606,15582300,,,,,
1607,15688300,,,,,
1608,15374000,,,,,
1609,15982300,,,,,
1610,15474300,,,,,
1611,16055900,,,,,
1612,18306100,,,,,
1613,16845900,,,,,
1614,17137700,,,,,
1615,16283900,,,,,
1616,15655100,,,,,
1617,16289800,,,,,
1618,17311000,,,,,
1619,16538600,,,,,
1620,15312100,,,,,
1621,15730500,,,,,
1622,15312100,,,,,
1623,16237500,,,,,
1624,15930000,,,,,
1625,16770600,,,,,
1626,16845600,,,,,
1627,17848100,,,,,
1628,15957800,,,,,
1629,16407900,,,,,
1630,15987700,,,,,
1631,18212000,,,,,
1632,16534600,,,,,
1633,15773600,,,,,
1634,14957900,,,,,
1635,15783200,,,,,
1636,14943100,,,,,
1637,15810500,,,,,
1638,16317300,,,,,
1639,17463800,,,,,
1640,17067300,,,,,
1641,16422900,,,,,
1642,15744500,,,,,
1643,16583600,,,,,
1644,17097600,,,,,
1645,16811700,,,,,
1646,14684400,,,,,
1647,15599600,,,,,
1648,15195300,,,,,
1649,15348600,,,,,
1650,15008200,,,,,
1651,16122800,,,,,
1652,15213900,,,,,
1653,16552100,,,,,
1654,15485200,,,,,
1655,15830400,,,,,
1656,15574300,,,,,
1657,16391900,,,,,
1658,17441900,,,,,
1659,17380500,,,,,
1660,15339400,,,,,
1661,15404100,,,,,
1662,14940900,,,,,
1663,14790100,,,,,
1664,15128700,,,,,
1665,15753600,,,,,
1666,16016200,,,,,
1667,18422800,,,,,
1668,17168100,,,,,
1669,16627300,,,,,
1670,15458000,,,,,
1671,17617400,,,,,
1672,16991200,,,,,
1673,15877100,,,,,
1674,15591400,,,,,
1675,15854500,,,,,
1676,16478000,,,,,
1677,16600600,,,,,
1678,16124700,,,,,
1679,17910200,,,,,
1680,17269700,,,,,
1681,16897200,,,,,
1682,16236900,,,,,
1683,16926000,,,,,
1684,17521200,,,,,
1685,16548300,,,,,
1686,14845000,,,,,
1687,15281800,,,,,
1688,14653400,,,,,
1689,15291200,,,,,
1690,14637400,,,,,
1691,15013400,,,,,
1692,15104000,,,,,
1693,15429000,,,,,
1694,14467800,,,,,
1695,15213500,,,,,
1696,14967700,,,,,
1697,15601100,,,,,
1698,14861600,,,,,
1699,15216700,,,,,
1700,14669600,,,,,
1701,15050500,,,,,
1702,14583800,,,,,
1703,15018100,,,,,
1704,15484300,,,,,
1705,14683200,,,,,
1706,13958200,,,,,
1707,15010900,,,,,
1708,14529900,,,,,
1709,15076200,,,,,
1710,15283700,,,,,
1711,15273700,,,,,
1712,14586600,,,,,
1713,15019300,,,,,
1714,14223100,,,,,
1715,14825900,,,,,
1716,14661300,,,,,
1717,15212700,,,,,
1718,14562100,,,,,
1719,14937900,,,,,
1720,15724600,,,,,
1721,15575700,,,,,
1722,14713500,,,,,
1723,14794400,,,,,
1724,14607600,,,,,
1725,15312400,,,,,
1726,14522700,,,,,
1727,15131700,,,,,
1728,14909800,,,,,
1729,15202500,,,,,
1730,14785100,,,,,
1731,15796900,,,,,
1732,15159000,,,,,
1733,15194100,,,,,
1734,14372000,,,,,
1735,15095000,,,,,
1736,14700800,,,,,
1737,15163100,,,,,
1738,15523800,,,,,
1739,15471800,,,,,
1740,14330400,,,,,
1741,15049600,,,,,
1742,14604300,,,,,
1743,14816900,,,,,
1744,14140700,,,,,
1745,15856100,,,,,
1746,14996200,,,,,
1747,15087900,,,,,
1748,15067600,,,,,
1749,15265700,,,,,
1750,14669200,,,,,
1751,15390500,,,,,
1752,14937100,,,,,
1753,14798900,,,,,
1754,13956900,,,,,
1755,15119200,,,,,
1756,14734100,,,,,
1757,15295700,,,,,
1758,14654200,,,,,
1759,16160900,,,,,
1760,14671400,,,,,
1761,15146900,,,,,
1762,14666500,,,,,
1763,14810900,,,,,
1764,14171000,,,,,
1765,15677800,,,,,
1766,14945200,,,,,
1767,16127200,,,,,
1768,16511900,,,,,
1769,17425200,,,,,
1770,16842700,,,,,
1771,16736700,,,,,
1772,16620700,,,,,
1773,18048600,,,,,
1774,17124300,,,,,
1775,16874900,,,,,
1776,16570000,,,,,
1777,17057800,,,,,
1778,16768400,,,,,
1779,16683600,,,,,
1780,15861400,,,,,
1781,16233500,,,,,
1782,15144700,,,,,
1783,15837500,,,,,
1784,15386900,,,,,
1785,15951000,,,,,
1786,17915500,,,,,
1787,17426000,,,,,
1788,16378300,,,,,
1789,16923500,,,,,
1790,16277200,,,,,
1791,18211400,,,,,
1792,16401900,,,,,
1793,16161600,,,,,
1794,15388400,,,,,
1795,15904100,,,,,
1796,15454000,,,,,
1797,16424000,,,,,
1798,16398100,,,,,
1799,18449000,,,,,
1800,17057000,,,,,
1801,16751200,,,,,
1802,15702400,,,,,
1803,16244700,,,,,
1804,17795600,,,,,
1805,16881100,,,,,
1806,15641300,,,,,
1807,16491100,,,,,
1808,15479800,,,,,
1809,15507100,,,,,
1810,15377300,,,,,
1811,16069600,,,,,
1812,16039300,,,,,
1813,17144700,,,,,
1814,15529100,,,,,
1815,15230700,,,,,
1816,14850300,,,,,
1817,14768400,,,,,
1818,16038900,,,,,
1819,15864800,,,,,
1820,15851600,,,,,
1821,16435800,,,,,
1822,15583700,,,,,
1823,15934100,,,,,
1824,16236500,,,,,
1825,17024800,,,,,
1826,16182700,,,,,
1827,16924200,,,,,
1828,16443400,,,,,
1829,17043800,,,,,
1830,16414900,,,,,
1831,16721200,,,,,
1832,16895700,,,,,
1833,17655900,,,,,
1834,15938800,,,,,
1835,16156300,,,,,
1836,15738000,,,,,
1837,16310700,,,,,
1838,15667000,,,,,
1839,16577900,,,,,
1840,16308200,,,,,
1841,17307100,,,,,
1842,17383500,,,,,
1843,17996300,,,,,
1844,16592500,,,,,
1845,21909300,,,,,
1846,21565200,,,,,
1847,20053400,,,,,
1848,20192100,,,,,
1849,20239100,,,,,
1850,16104500,,,,,
1851,16826100,,,,,
1852,17646800,,,,,
1853,17473700,,,,,
1854,15285900,,,,,
1855,15494500,,,,,
1856,15587200,,,,,
1857,15598500,,,,,
1858,16074300,,,,,
1859,16839700,,,,,
1860,16158000,,,,,
1861,15870400,,,,,
1862,16619100,,,,,
1863,15904500,,,,,
1864,16485400,,,,,
1865,17326700,,,,,
1866,16396700,,,,,
1867,15176300,,,,,
1868,15014800,,,,,
1869,15444100,,,,,
1870,15329200,,,,,
1871,16283900,,,,,
1872,15350100,,,,,
1873,15423900,,,,,
1874,14705200,,,,,
1875,15774200,,,,,
1876,16185200,,,,,
1877,17838600,,,,,
1878,16972500,,,,,
1879,16606700,,,,,
1880,16035600,,,,,
1881,16628400,,,,,
1882,16923100,,,,,
1883,17835600,,,,,
1884,15416800,,,,,
1885,15356700,,,,,
1886,15481500,,,,,
1887,16083300,,,,,
1888,15828200,,,,,
1889,16726600,,,,,
1890,16861700,,,,,
1891,16323800,,,,,
1892,15834400,,,,,
1893,16083800,,,,,
1894,15287900,,,,,
1895,15464900,,,,,
1896,15477600,,,,,
1897,15896900,,,,,
1898,15299500,,,,,
1899,15890800,,,,,
1900,15755500,,,,,
1901,16358100,,,,,
1902,15846200,,,,,
1903,16990100,,,,,
1904,15532000,,,,,
1905,16074500,,,,,
1906,15433000,,,,,
1907,15988800,,,,,
1908,16439200,,,,,
1909,17846500,,,,,
1910,17251800,,,,,
1911,16774100,,,,,
1912,15357600,,,,,
1913,16037300,,,,,
1914,16002900,,,,,
1915,16765300,,,,,
1916,17063000,,,,,
1917,16174400,,,,,
1918,16522100,,,,,
1919,17697100,,,,,
1920,16861900,,,,,
1921,16760800,,,,,
1922,17260200,,,,,
1923,15701400,,,,,
1924,14123500,,,,,
1925,15446700,,,,,
1926,14816300,,,,,
1927,16009100,,,,,
1928,16510200,,,,,
1929,16901200,,,,,
1930,17264600,,,,,
1931,17803100,,,,,
1932,16747400,,,,,
1933,17268600,,,,,
1934,16092300,,,,,
1935,17136500,,,,,
1936,16003800,,,,,
1937,15330600,,,,,
1938,15166800,,,,,
1939,16428300,,,,,
1940,15491100,,,,,
1941,16589600,,,,,
1942,16333400,,,,,
1943,17469200,,,,,
1944,17302900,,,,,
1945,17067800,,,,,
1946,16466600,,,,,
1947,16939300,,,,,
1948,17405500,,,,,
1949,17154800,,,,,
1950,15073100,,,,,
1951,15588500,,,,,
1952,15295100,,,,,
1953,15819000,,,,,
1954,15815300,,,,,
1955,16653800,,,,,
1956,15725900,,,,,
1957,17275600,,,,,
1958,16267800,,,,,
1959,16414000,,,,,
1960,16137200,,,,,
1961,16213900,,,,,
1962,15553300,,,,,
1963,15519900,,,,,
1964,14233400,,,,,
1965,15315500,,,,,
1966,15181000,,,,,
1967,15622800,,,,,
1968,15234400,,,,,
1969,16081000,,,,,
1970,16779200,,,,,
1971,17769700,,,,,
1972,17105400,,,,,
1973,17466000,,,,,
1974,17167100,,,,,
1975,17125500,,,,,
1976,17200500,,,,,
1977,16639200,,,,,
1978,17087100,,,,,
1979,17412500,,,,,
1980,16516900,,,,,
1981,17337400,,,,,
1982,16965300,,,,,
1983,16669800,,,,,
1984,17981700,,,,,
1985,18499900,,,,,
1986,15520800,,,,,
1987,16267900,,,,,
1988,14969500,,,,,
1989,14691500,,,,,
1990,15138800,,,,,
1991,15790700,,,,,
1992,15470700,,,,,
1993,16757600,,,,,
1994,16484900,,,,,
1995,16647500,,,,,
1996,16076900,,,,,
1997,15896100,,,,,
1998,15207300,,,,,
1999,15412200,,,,,
2000,15445700,,,,,
2001,15728100,,,,,
2002,15228500,,,,,
2003,15854700,,,,,
2004,15096700,,,,,
2005,15722400,,,,,
2006,14686700,,,,,
2007,16266500,,,,,
2008,16083300,,,,,
2009,17112600,,,,,
2010,16583100,,,,,
2011,16748600,,,,,
2012,16471300,,,,,
2013,18186800,,,,,
2014,16300200,,,,,
2015,15051400,,,,,
2016,15203800,,,,,
2017,15746900,,,,,
2018,15435800,,,,,
2019,15959400,,,,,
2020,16197800,,,,,
2021,16935900,,,,,
2022,16726100,,,,,
2023,15983000,,,,,
2024,15163600,,,,,
2025,15709700,,,,,
2026,15225200,,,,,
2027,17359900,,,,,
2028,15171900,,,,,
2029,15492200,,,,,
2030,14644300,,,,,
2031,15235900,,,,,
2032,14688300,,,,,
2033,15629100,,,,,
2034,15220600,,,,,
2035,16608100,,,,,
2036,16721000,,,,,
2037,17169600,,,,,
2038,16390000,,,,,
2039,16952400,,,,,
2040,16905000,,,,,
2041,17759500,,,,,
2042,15196400,,,,,
2043,15592600,,,,,
2044,14871600,,,,,
2045,15655600,,,,,
2046,15262800,,,,,
2047,15526400,,,,,
2048,15367000,,,,,
2049,16631300,,,,,
2050,15507900,,,,,
2051,16500300,,,,,
2052,16138600,,,,,
2053,16368700,,,,,
2054,15380000,,,,,
2055,15286200,,,,,
2056,14689100,,,,,
2057,15493900,,,,,
2058,15099500,,,,,
2059,15686900,,,,,
2060,15283400,,,,,
2061,16189800,,,,,
2062,18369700,,,,,
2063,17219100,,,,,
2064,16133600,,,,,
2065,16783100,,,,,
2066,16424700,,,,,
2067,16302500,,,,,
2068,16212200,,,,,
2069,15653100,,,,,
2070,15278000,,,,,
2071,15717600,,,,,
2072,15417400,,,,,
2073,16282100,,,,,
2074,15352000,,,,,
2075,15352600,,,,,
2076,15666300,,,,,
2077,15308400,,,,,
2078,14365800,,,,,
2079,15383800,,,,,
2080,15151800,,,,,
2081,15542900,,,,,
2082,16349400,,,,,
2083,17075600,,,,,
2084,16452300,,,,,
2085,16592600,,,,,
2086,16348200,,,,,
2087,16794400,,,,,
2088,16157100,,,,,
2089,17043100,,,,,
2090,18272100,,,,,
2091,17167100,,,,,
2092,16418600,,,,,
2093,16819100,,,,,
2094,16476800,,,,,
2095,17666900,,,,,
2096,15428500,,,,,
2097,15475300,,,,,
2098,15202600,,,,,
2099,15997200,,,,,
2100,16198000,,,,,
2101,16893500,,,,,
2102,15841100,,,,,
2103,16709400,,,,,
2104,14894200,,,,,
2105,15393100,,,,,
2106,14982500,,,,,
2107,15566300,,,,,
2108,15183900,,,,,
2109,15768900,,,,,
2110,16395700,,,,,
2111,15949200,,,,,
2112,14477200,,,,,
2113,15512200,,,,,
2114,14954900,,,,,
2115,15646800,,,,,
2116,16339600,,,,,
2117,15315600,,,,,
2118,15275200,,,,,
2119,15283500,,,,,
2120,14727500,,,,,
2121,15234200,,,,,
2122,15208900,,,,,
2123,14563200,,,,,
2124,14330700,,,,,
2125,15117000,,,,,
2126,14723600,,,,,
2127,15151200,,,,,
2128,14591400,,,,,
2129,16063400,,,,,
2130,14756700,,,,,
2131,15042400,,,,,
2132,14309700,,,,,
2133,14458600,,,,,
2134,14545600,,,,,
2135,15316300,,,,,
2136,15297900,,,,,
2137,15168500,,,,,
2138,14582700,,,,,
2139,15053800,,,,,
2140,14509700,,,,,
2141,14738700,,,,,
2142,14055800,,,,,
2143,15626700,,,,,
2144,14799600,,,,,
2145,15648200,,,,,
2146,14798700,,,,,
2147,15009500,,,,,
2148,14494200,,,,,
2149,15080500,,,,,
2150,14521100,,,,,
2151,14548300,,,,,
2152,14816000,,,,,
2153,15083800,,,,,
2154,14534600,,,,,
2155,15043000,,,,,
2156,14465300,,,,,
2157,15538100,,,,,
2158,14774500,,,,,
2159,15025600,,,,,
2160,14052800,,,,,
2161,15140300,,,,,
2162,14657100,,,,,
2163,16106400,,,,,
2164,15647300,,,,,
2165,15249300,,,,,
2166,15058500,,,,,
2167,15023600,,,,,
2168,14924400,,,,,
2169,15125200,,,,,
2170,14802300,,,,,
2171,14607200,,,,,
2172,16165600,,,,,
2173,16018800,,,,,
2174,15291900,,,,,
2175,15133100,,,,,
2176,15391900,,,,,
2177,15390200,,,,,
2178,14998500,,,,,
2179,16017900,,,,,
2180,15173800,,,,,
2181,15184000,,,,,
2182,15045800,,,,,
2183,14854900,,,,,
2184,14748200,,,,,
2185,14673400,,,,,
2186,15117600,,,,,
2187,15268100,,,,,
2188,15031500,,,,,
2189,15161300,,,,,
2190,15785700,,,,,
2191,14968300,,,,,
2192,15291100,,,,,
2193,15129600,,,,,
2194,14481400,,,,,
2195,15004600,,,,,
2196,15119000,,,,,
2197,15221700,,,,,
2198,15120100,,,,,
2199,15128500,,,,,
2200,14954200,,,,,
2201,14960700,,,,,
2202,14971900,,,,,
2203,15244500,,,,,
2204,14726100,,,,,
2205,15081700,,,,,
2206,15204800,,,,,
2207,15167100,,,,,
2208,14531400,,,,,
2209,15111500,,,,,
2210,14407900,,,,,
2211,15501200,,,,,
2212,14781900,,,,,
2213,14984500,,,,,
2214,14039000,,,,,
2215,15013200,,,,,
2216,14556800,,,,,
2217,15559900,,,,,
2218,19964800,,,,,
2219,19759500,,,,,
2220,19713900,,,,,
2221,19675000,,,,,
2222,19708600,,,,,
2223,15763400,,,,,
2224,15953300,,,,,
2225,15530800,,,,,
2226,15223700,,,,,
2227,15328600,,,,,
2228,15621200,,,,,
2229,15762900,,,,,
2230,15419400,,,,,
2231,15658200,,,,,
2232,15884100,,,,,
2233,15320400,,,,,
2234,15187600,,,,,
2235,15241700,,,,,
2236,15362500,,,,,
2237,15257100,,,,,
2238,16162700,,,,,
2239,15331800,,,,,
2240,14782000,,,,,
2241,15011800,,,,,
2242,14560900,,,,,
2243,15391500,,,,,
2244,14037400,,,,,
2245,15188400,,,,,
2246,14751600,,,,,
2247,15208700,,,,,
2248,14970500,,,,,
2249,15366700,,,,,
2250,15689900,,,,,
2251,15368000,,,,,
2252,14709800,,,,,
2253,14740600,,,,,
2254,14171700,,,,,
2255,15902700,,,,,
2256,15621700,,,,,
2257,16180700,,,,,
2258,15182400,,,,,
2259,15173800,,,,,
2260,14728200,,,,,
2261,15158300,,,,,
2262,14676000,,,,,
2263,15068800,,,,,
2264,15364300,,,,,
2265,14780700,,,,,
2266,14046900,,,,,
2267,15078400,,,,,
2268,14590500,,,,,
2269,15108600,,,,,
2270,15090100,,,,,
2271,15298000,,,,,
2272,14540500,,,,,
2273,15016200,,,,,
2274,14356500,,,,,
2275,14554100,,,,,
2276,14658000,,,,,
2277,15311900,,,,,
2278,14937000,,,,,
2279,15039700,,,,,
2280,14964400,,,,,
2281,15340400,,,,,
2282,14527600,,,,,
2283,14798100,,,,,
2284,14702000,,,,,
2285,15685000,,,,,
2286,14557300,,,,,
2287,15080400,,,,,
2288,14615100,,,,,
2289,14986100,,,,,
2290,14555100,,,,,
2291,15006300,,,,,
2292,15074200,,,,,
2293,14754000,,,,,
2294,14088000,,,,,
2295,15205600,,,,,
2296,14808200,,,,,
2297,15062900,,,,,
2298,15213800,,,,,
2299,15505700,,,,,
2300,14603400,,,,,
2301,15086500,,,,,
2302,14636300,,,,,
2303,14541600,,,,,
2304,14411100,,,,,
2305,15086600,,,,,
2306,14544400,,,,,
2307,15576700,,,,,
2308,14876900,,,,,
2309,15288600,,,,,
2310,14763700,,,,,
2311,15130900,,,,,
2312,15035100,,,,,
2313,14629500,,,,,
2314,14109700,,,,,
2315,15035100,,,,,
2316,14695800,,,,,
2317,15164200,,,,,
2318,14508600,,,,,
2319,15681700,,,,,
2320,14827700,,,,,
2321,15008100,,,,,
2322,14621000,,,,,
2323,14812400,,,,,
2324,14108300,,,,,
2325,15619300,,,,,
2326,15038400,,,,,
2327,15065400,,,,,
2328,14557000,,,,,
2329,14997600,,,,,
2330,14495000,,,,,
2331,15022100,,,,,
2332,15383800,,,,,
2333,15062700,,,,,
2334,14366700,,,,,
2335,14526300,,,,,
2336,14776300,,,,,
2337,15082100,,,,,
2338,15195500,,,,,
2339,15265200,,,,,
2340,14551900,,,,,
2341,15053900,,,,,
2342,14583900,,,,,
2343,15143000,,,,,
2344,14459100,,,,,
2345,15298900,,,,,
2346,14437800,,,,,
2347,15037300,,,,,
2348,14641800,,,,,
2349,15075000,,,,,
2350,14537700,,,,,
2351,15020400,,,,,
2352,15206900,,,,,
2353,14995400,,,,,
2354,14563100,,,,,
2355,14753900,,,,,
2356,14040500,,,,,
2357,14515300,,,,,
